accurate,hallucination,kb_article,chat_history,assistant_response
true,Pass,"1. **Determine the customer's warranty inquiry** - Begin by asking the customer to explain the issue they are experiencing with the product. - Identify if the product is still under warranty, which is typically 1 year from the date of purchase. You may need to look up the purchase date in the order history. 2. **Check the warranty eligibility** - If the product is under warranty: - Proceed to step 3. - If the product is out of warranty: - Notify the customer politely that the warranty period has expired. - Provide information about repair options and any costs associated with those services. 3. **Assess the nature of the issue** - Ask the customer to provide detailed information regarding the faulty product, including: - A description of the problem - Any relevant photos or videos showing the issue - Categorize the issue into the following categories: - Manufacturer defect: An issue that arises due to a flaw in product design or manufacturing. - Normal wear and tear: Issues that are expected to occur due to regular use of the product over time. - User damage: Damage caused by improper use or accidents. 4. **Determine the next steps based on the issue category** - **If 'manufacturer defect' is confirmed:** - Schedule a replacement or repair at no cost to the customer. - Issue a Return Merchandise Authorization (RMA) number for the customer to return the defective item. - **If 'normal wear and tear' is indicated:** - Explain to the customer that this type of wear is not covered under warranty. - Offer options for repair or replacement at a discounted rate, if applicable. - **If 'user damage' is confirmed:** - Inform the customer that the warranty does not cover damage caused by improper use or accidents. - Provide information about repair options and any associated costs. 5. **Close the inquiry** - After finalizing the warranty claim or providing options, ask the customer if they need any further assistance. - Thank them for reaching out and remind them to contact customer support for any future inquiries. 6. **Document the interaction** - Ensure all details of the conversation and the resolution provided are logged in the customer support system for future reference. By following this warranty policy, agents will ensure consistent and fair handling of all warranty-related inquiries.","[{'role': 'user', 'content': ""I'm having trouble with my blender, and I think it might be covered under warranty.""}, {'role': 'assistant', 'content': ""I'm sorry to hear that you're having issues with your blender. Could you please describe the problem you're experiencing?""}, {'role': 'user', 'content': ""It won't turn on at all.""}]","{'role': 'assistant', 'content': 'Thank you for the information. Let me check if your blender is still under warranty. Could you please provide the purchase date?'}"
true,Pass,"1. **Determine the customer's warranty inquiry** - Begin by asking the customer to explain the issue they are experiencing with the product. - Identify if the product is still under warranty, which is typically 1 year from the date of purchase. You may need to look up the purchase date in the order history. 2. **Check the warranty eligibility** - If the product is under warranty: - Proceed to step 3. - If the product is out of warranty: - Notify the customer politely that the warranty period has expired. - Provide information about repair options and any costs associated with those services. 3. **Assess the nature of the issue** - Ask the customer to provide detailed information regarding the faulty product, including: - A description of the problem - Any relevant photos or videos showing the issue - Categorize the issue into the following categories: - Manufacturer defect: An issue that arises due to a flaw in product design or manufacturing. - Normal wear and tear: Issues that are expected to occur due to regular use of the product over time. - User damage: Damage caused by improper use or accidents. 4. **Determine the next steps based on the issue category** - **If 'manufacturer defect' is confirmed:** - Schedule a replacement or repair at no cost to the customer. - Issue a Return Merchandise Authorization (RMA) number for the customer to return the defective item. - **If 'normal wear and tear' is indicated:** - Explain to the customer that this type of wear is not covered under warranty. - Offer options for repair or replacement at a discounted rate, if applicable. - **If 'user damage' is confirmed:** - Inform the customer that the warranty does not cover damage caused by improper use or accidents. - Provide information about repair options and any associated costs. 5. **Close the inquiry** - After finalizing the warranty claim or providing options, ask the customer if they need any further assistance. - Thank them for reaching out and remind them to contact customer support for any future inquiries. 6. **Document the interaction** - Ensure all details of the conversation and the resolution provided are logged in the customer support system for future reference. By following this warranty policy, agents will ensure consistent and fair handling of all warranty-related inquiries.","[{'role': 'user', 'content': ""I'm having trouble with my blender, and I think it might be covered under warranty.""}, {'role': 'assistant', 'content': ""I'm sorry to hear that you're having issues with your blender. Could you please describe the problem you're experiencing?""}, {'role': 'user', 'content': ""It won't turn on at all.""}]","{'role': 'assistant', 'content': 'Thank you for the information. Let me check if your blender is still under warranty. Could you please provide the purchase date?'}"
true,Pass,"1. **Determine the customer's warranty inquiry** - Begin by asking the customer to explain the issue they are experiencing with the product. - Identify if the product is still under warranty, which is typically 1 year from the date of purchase. You may need to look up the purchase date in the order history. 2. **Check the warranty eligibility** - If the product is under warranty: - Proceed to step 3. - If the product is out of warranty: - Notify the customer politely that the warranty period has expired. - Provide information about repair options and any costs associated with those services. 3. **Assess the nature of the issue** - Ask the customer to provide detailed information regarding the faulty product, including: - A description of the problem - Any relevant photos or videos showing the issue - Categorize the issue into the following categories: - Manufacturer defect: An issue that arises due to a flaw in product design or manufacturing. - Normal wear and tear: Issues that are expected to occur due to regular use of the product over time. - User damage: Damage caused by improper use or accidents. 4. **Determine the next steps based on the issue category** - **If 'manufacturer defect' is confirmed:** - Schedule a replacement or repair at no cost to the customer. - Issue a Return Merchandise Authorization (RMA) number for the customer to return the defective item. - **If 'normal wear and tear' is indicated:** - Explain to the customer that this type of wear is not covered under warranty. - Offer options for repair or replacement at a discounted rate, if applicable. - **If 'user damage' is confirmed:** - Inform the customer that the warranty does not cover damage caused by improper use or accidents. - Provide information about repair options and any associated costs. 5. **Close the inquiry** - After finalizing the warranty claim or providing options, ask the customer if they need any further assistance. - Thank them for reaching out and remind them to contact customer support for any future inquiries. 6. **Document the interaction** - Ensure all details of the conversation and the resolution provided are logged in the customer support system for future reference. By following this warranty policy, agents will ensure consistent and fair handling of all warranty-related inquiries.","[{'role': 'user', 'content': ""I'm having trouble with my blender, and I think it might be covered under warranty.""}, {'role': 'assistant', 'content': ""I'm sorry to hear that you're having issues with your blender. Could you please describe the problem you're experiencing?""}, {'role': 'user', 'content': ""It won't turn on at all.""}]","{'role': 'assistant', 'content': 'Thank you for the information. Let me check if your blender is still under warranty. Could you please provide the purchase date?'}"
true,Pass,"1. **Initial Acknowledgment** - Greet the customer warmly and acknowledge their complaint. - Politely thank them for reaching out and apologize for any inconvenience they have experienced. 2. **Gather Information** - Ask open-ended questions to understand the nature of the complaint. - Document the following information: - Customer's name and contact information - Order number (if applicable) - Detailed description of the complaint - Date of the issue (when it occurred) - Confirm all gathered information for accuracy. 3. **Categorize the Complaint** - Determine the category of the complaint: - Product Quality: Issues pertaining to defective or unsatisfactory products. - Service Quality: Complaints regarding customer service experiences. - Delivery Issues: Problems with shipping, delays, or missing items. - Billing Issues: Concerns about charges, incorrect billing, or refunds. - If the customer provides unclear information, ask clarifying questions. 4. **Assess Severity and Options** - Evaluate if the complaint falls under standard resolution, escalation, or requires special handling: - **Standard Resolution**: Common issues (e.g., product quality) that can be resolved within established guidelines. - **Escalation**: Serious issues (e.g., repeated service failure, high-value disputes) that require supervisor approval. - **Special Handling**: Unique circumstances (e.g., severe complaints, legal implications) that require immediate attention. 5. **Implement Resolution Based on Category** - **Product Quality**: - Offer to replace the item or issue a refund, based on company policy and customer preference. - **Service Quality**: - Apologize for the service experience and offer additional support or compensation (e.g., discount on next purchase). - **Delivery Issues**: - Track the order and provide an estimated delivery update; offer a refund or replacement if the item is lost. - **Billing Issues**: - Review the billing discrepancy, correct any errors, and issue refunds if applicable. 6. **Communicate Resolution** - Clearly explain the resolution to the customer, including timelines for any actions being taken. - Encourage them to ask questions or raise further concerns. 7. **Follow-Up** - After resolution, inform the customer that you will check in within a few days (ideally 3-5 days) to ensure their satisfaction with the solution. - Schedule a follow-up reminder to reach out to the customer. 8. **Closure** - Thank the customer for their understanding and patience. - Confirm that their complaint has been successfully resolved and document the outcome in the customer relationship management (CRM) system. 9. **Feedback Collection** - Ask the customer if they would like to provide any additional feedback about their experience with the complaint resolution process. - Document any feedback for quality improvement purposes.","[{'role': 'user', 'content': 'I had a terrible experience with my order, and I want to complain.'}, {'role': 'assistant', 'content': 'I’m really sorry to hear that. Thank you for reaching out, and I apologize for any inconvenience you’ve experienced. Can you please provide more details about your complaint?'}, {'role': 'user', 'content': 'I received the wrong item, and it was supposed to be a gift.'}]","{'role': 'assistant', 'content': 'Thank you for sharing that with me. May I have your name, contact information, and the order number, along with the date you received the wrong item? I want to document everything accurately to help resolve this for you.'}"
true,Pass,"1. **Initial Acknowledgment** - Greet the customer warmly and acknowledge their complaint. - Politely thank them for reaching out and apologize for any inconvenience they have experienced. 2. **Gather Information** - Ask open-ended questions to understand the nature of the complaint. - Document the following information: - Customer's name and contact information - Order number (if applicable) - Detailed description of the complaint - Date of the issue (when it occurred) - Confirm all gathered information for accuracy. 3. **Categorize the Complaint** - Determine the category of the complaint: - Product Quality: Issues pertaining to defective or unsatisfactory products. - Service Quality: Complaints regarding customer service experiences. - Delivery Issues: Problems with shipping, delays, or missing items. - Billing Issues: Concerns about charges, incorrect billing, or refunds. - If the customer provides unclear information, ask clarifying questions. 4. **Assess Severity and Options** - Evaluate if the complaint falls under standard resolution, escalation, or requires special handling: - **Standard Resolution**: Common issues (e.g., product quality) that can be resolved within established guidelines. - **Escalation**: Serious issues (e.g., repeated service failure, high-value disputes) that require supervisor approval. - **Special Handling**: Unique circumstances (e.g., severe complaints, legal implications) that require immediate attention. 5. **Implement Resolution Based on Category** - **Product Quality**: - Offer to replace the item or issue a refund, based on company policy and customer preference. - **Service Quality**: - Apologize for the service experience and offer additional support or compensation (e.g., discount on next purchase). - **Delivery Issues**: - Track the order and provide an estimated delivery update; offer a refund or replacement if the item is lost. - **Billing Issues**: - Review the billing discrepancy, correct any errors, and issue refunds if applicable. 6. **Communicate Resolution** - Clearly explain the resolution to the customer, including timelines for any actions being taken. - Encourage them to ask questions or raise further concerns. 7. **Follow-Up** - After resolution, inform the customer that you will check in within a few days (ideally 3-5 days) to ensure their satisfaction with the solution. - Schedule a follow-up reminder to reach out to the customer. 8. **Closure** - Thank the customer for their understanding and patience. - Confirm that their complaint has been successfully resolved and document the outcome in the customer relationship management (CRM) system. 9. **Feedback Collection** - Ask the customer if they would like to provide any additional feedback about their experience with the complaint resolution process. - Document any feedback for quality improvement purposes.","[{'role': 'user', 'content': 'I had a terrible experience with my order, and I want to complain.'}, {'role': 'assistant', 'content': 'I’m really sorry to hear that. Thank you for reaching out, and I apologize for any inconvenience you’ve experienced. Can you please provide more details about your complaint?'}, {'role': 'user', 'content': 'I received the wrong item, and it was supposed to be a gift.'}]","{'role': 'assistant', 'content': 'Thank you for sharing that with me. May I have your name, contact information, and the order number, along with the date you received the wrong item? I want to document everything accurately to help resolve this for you.'}"
true,Pass,"1. **Initial Acknowledgment** - Greet the customer warmly and acknowledge their complaint. - Politely thank them for reaching out and apologize for any inconvenience they have experienced. 2. **Gather Information** - Ask open-ended questions to understand the nature of the complaint. - Document the following information: - Customer's name and contact information - Order number (if applicable) - Detailed description of the complaint - Date of the issue (when it occurred) - Confirm all gathered information for accuracy. 3. **Categorize the Complaint** - Determine the category of the complaint: - Product Quality: Issues pertaining to defective or unsatisfactory products. - Service Quality: Complaints regarding customer service experiences. - Delivery Issues: Problems with shipping, delays, or missing items. - Billing Issues: Concerns about charges, incorrect billing, or refunds. - If the customer provides unclear information, ask clarifying questions. 4. **Assess Severity and Options** - Evaluate if the complaint falls under standard resolution, escalation, or requires special handling: - **Standard Resolution**: Common issues (e.g., product quality) that can be resolved within established guidelines. - **Escalation**: Serious issues (e.g., repeated service failure, high-value disputes) that require supervisor approval. - **Special Handling**: Unique circumstances (e.g., severe complaints, legal implications) that require immediate attention. 5. **Implement Resolution Based on Category** - **Product Quality**: - Offer to replace the item or issue a refund, based on company policy and customer preference. - **Service Quality**: - Apologize for the service experience and offer additional support or compensation (e.g., discount on next purchase). - **Delivery Issues**: - Track the order and provide an estimated delivery update; offer a refund or replacement if the item is lost. - **Billing Issues**: - Review the billing discrepancy, correct any errors, and issue refunds if applicable. 6. **Communicate Resolution** - Clearly explain the resolution to the customer, including timelines for any actions being taken. - Encourage them to ask questions or raise further concerns. 7. **Follow-Up** - After resolution, inform the customer that you will check in within a few days (ideally 3-5 days) to ensure their satisfaction with the solution. - Schedule a follow-up reminder to reach out to the customer. 8. **Closure** - Thank the customer for their understanding and patience. - Confirm that their complaint has been successfully resolved and document the outcome in the customer relationship management (CRM) system. 9. **Feedback Collection** - Ask the customer if they would like to provide any additional feedback about their experience with the complaint resolution process. - Document any feedback for quality improvement purposes.","[{'role': 'user', 'content': 'I had a terrible experience with my order, and I want to complain.'}, {'role': 'assistant', 'content': 'I’m really sorry to hear that. Thank you for reaching out, and I apologize for any inconvenience you’ve experienced. Can you please provide more details about your complaint?'}, {'role': 'user', 'content': 'I received the wrong item, and it was supposed to be a gift.'}]","{'role': 'assistant', 'content': 'Thank you for sharing that with me. May I have your name, contact information, and the order number, along with the date you received the wrong item? I want to document everything accurately to help resolve this for you.'}"
true,Pass,"1. **Receive Account Deletion Request** - Greet the customer and confirm that you have received their request for account deletion. - Verify the identity of the customer by asking for their registered email address or unique account identifier. 2. **Inform the Customer of the Implications** - Clearly explain the implications of account deletion, which may include: - Loss of all personal data and purchase history - Inability to access services tied to the account - Impact on subscriptions or any remaining balances - Ask the customer if they fully understand these implications before proceeding. 3. **Identify the Reason for Deletion** - Ask the customer why they wish to delete their account. - Categorize their response into the following categories: - Privacy concerns - Lack of usage - Unsatisfactory service - Other (specify) 4. **Decision Logic Based on Reason** - **If the reason is 'Privacy concerns'** - Offer to assist them with any privacy-related queries or adjustments they would like to make within their account settings prior to deletion. - If they still wish to proceed, continue to Step 5. - **If the reason is 'Lack of usage'** - Inquire if they would like to consider re-engagement options such as email updates or promotional offers. - If they still wish to proceed, continue to Step 5. - **If the reason is 'Unsatisfactory service'** - Ask for feedback on their experience, and offer to assist with any unresolved issues. - If they still wish to proceed, continue to Step 5. - **If the reason is 'Other'** - Ask the customer to elaborate and provide any feedback. - If they still wish to proceed, continue to Step 5. 5. **Confirm Account Deletion** - Ask for the customer's confirmation to proceed with the account deletion. - If they confirm, process the account deletion request. - Inform the customer that the deletion process may take up to 24 hours and that they'll receive an email confirmation once completed. 6. **Provide Follow-Up Support** - Offer the customer the option to ask any additional questions or provide further feedback. - Let the customer know that they can always return should they wish to re-establish an account in the future. 7. **Document the Interaction** - Ensure all customer interactions and reasons for account deletion are documented in the system for future reference and reporting. 8. **End the Conversation** - Thank the customer for their time and for being a part of the community. - Wish them well in their future endeavors.","[{'role': 'user', 'content': 'I want to delete my account.'}, {'role': 'assistant', 'content': ""I understand you've requested to delete your account. Could you please provide your registered email address for verification?""}, {'role': 'user', 'content': ""Sure, it's user@example.com.""}, {'role': 'assistant', 'content': 'Thank you for that information. Before we proceed, please note that deleting your account will lead to the loss of all personal data and purchase history. You will also no longer have access to any services tied to this account. Do you fully understand these implications?'}, {'role': 'user', 'content': 'Yes, I understand.'}, {'role': 'assistant', 'content': 'Could you let me know why you wish to delete your account?'}]","{'role': 'assistant', 'content': 'Thank you for your response. What is the primary reason for your account deletion? Is it due to privacy concerns, lack of usage, unsatisfactory service, or something else?'}"
true,Pass,"1. **Receive Account Deletion Request** - Greet the customer and confirm that you have received their request for account deletion. - Verify the identity of the customer by asking for their registered email address or unique account identifier. 2. **Inform the Customer of the Implications** - Clearly explain the implications of account deletion, which may include: - Loss of all personal data and purchase history - Inability to access services tied to the account - Impact on subscriptions or any remaining balances - Ask the customer if they fully understand these implications before proceeding. 3. **Identify the Reason for Deletion** - Ask the customer why they wish to delete their account. - Categorize their response into the following categories: - Privacy concerns - Lack of usage - Unsatisfactory service - Other (specify) 4. **Decision Logic Based on Reason** - **If the reason is 'Privacy concerns'** - Offer to assist them with any privacy-related queries or adjustments they would like to make within their account settings prior to deletion. - If they still wish to proceed, continue to Step 5. - **If the reason is 'Lack of usage'** - Inquire if they would like to consider re-engagement options such as email updates or promotional offers. - If they still wish to proceed, continue to Step 5. - **If the reason is 'Unsatisfactory service'** - Ask for feedback on their experience, and offer to assist with any unresolved issues. - If they still wish to proceed, continue to Step 5. - **If the reason is 'Other'** - Ask the customer to elaborate and provide any feedback. - If they still wish to proceed, continue to Step 5. 5. **Confirm Account Deletion** - Ask for the customer's confirmation to proceed with the account deletion. - If they confirm, process the account deletion request. - Inform the customer that the deletion process may take up to 24 hours and that they'll receive an email confirmation once completed. 6. **Provide Follow-Up Support** - Offer the customer the option to ask any additional questions or provide further feedback. - Let the customer know that they can always return should they wish to re-establish an account in the future. 7. **Document the Interaction** - Ensure all customer interactions and reasons for account deletion are documented in the system for future reference and reporting. 8. **End the Conversation** - Thank the customer for their time and for being a part of the community. - Wish them well in their future endeavors.","[{'role': 'user', 'content': 'I want to delete my account.'}, {'role': 'assistant', 'content': ""I understand you've requested to delete your account. Could you please provide your registered email address for verification?""}, {'role': 'user', 'content': ""Sure, it's user@example.com.""}, {'role': 'assistant', 'content': 'Thank you for that information. Before we proceed, please note that deleting your account will lead to the loss of all personal data and purchase history. You will also no longer have access to any services tied to this account. Do you fully understand these implications?'}, {'role': 'user', 'content': 'Yes, I understand.'}, {'role': 'assistant', 'content': 'Could you let me know why you wish to delete your account?'}]","{'role': 'assistant', 'content': 'Thank you for your response. What is the primary reason for your account deletion? Is it due to privacy concerns, lack of usage, unsatisfactory service, or something else?'}"
true,Pass,"1. **Receive Account Deletion Request** - Greet the customer and confirm that you have received their request for account deletion. - Verify the identity of the customer by asking for their registered email address or unique account identifier. 2. **Inform the Customer of the Implications** - Clearly explain the implications of account deletion, which may include: - Loss of all personal data and purchase history - Inability to access services tied to the account - Impact on subscriptions or any remaining balances - Ask the customer if they fully understand these implications before proceeding. 3. **Identify the Reason for Deletion** - Ask the customer why they wish to delete their account. - Categorize their response into the following categories: - Privacy concerns - Lack of usage - Unsatisfactory service - Other (specify) 4. **Decision Logic Based on Reason** - **If the reason is 'Privacy concerns'** - Offer to assist them with any privacy-related queries or adjustments they would like to make within their account settings prior to deletion. - If they still wish to proceed, continue to Step 5. - **If the reason is 'Lack of usage'** - Inquire if they would like to consider re-engagement options such as email updates or promotional offers. - If they still wish to proceed, continue to Step 5. - **If the reason is 'Unsatisfactory service'** - Ask for feedback on their experience, and offer to assist with any unresolved issues. - If they still wish to proceed, continue to Step 5. - **If the reason is 'Other'** - Ask the customer to elaborate and provide any feedback. - If they still wish to proceed, continue to Step 5. 5. **Confirm Account Deletion** - Ask for the customer's confirmation to proceed with the account deletion. - If they confirm, process the account deletion request. - Inform the customer that the deletion process may take up to 24 hours and that they'll receive an email confirmation once completed. 6. **Provide Follow-Up Support** - Offer the customer the option to ask any additional questions or provide further feedback. - Let the customer know that they can always return should they wish to re-establish an account in the future. 7. **Document the Interaction** - Ensure all customer interactions and reasons for account deletion are documented in the system for future reference and reporting. 8. **End the Conversation** - Thank the customer for their time and for being a part of the community. - Wish them well in their future endeavors.","[{'role': 'user', 'content': 'I want to delete my account.'}, {'role': 'assistant', 'content': ""I understand you've requested to delete your account. Could you please provide your registered email address for verification?""}, {'role': 'user', 'content': ""Sure, it's user@example.com.""}, {'role': 'assistant', 'content': 'Thank you for that information. Before we proceed, please note that deleting your account will lead to the loss of all personal data and purchase history. You will also no longer have access to any services tied to this account. Do you fully understand these implications?'}, {'role': 'user', 'content': 'Yes, I understand.'}, {'role': 'assistant', 'content': 'Could you let me know why you wish to delete your account?'}]","{'role': 'assistant', 'content': 'Thank you for your response. What is the primary reason for your account deletion? Is it due to privacy concerns, lack of usage, unsatisfactory service, or something else?'}"
true,Pass,"1. **Initial Inquiry** - When a customer expresses feedback regarding a product, thank them for reaching out and valuing their input. - Ask the customer to specifically describe their feedback. Categorize the feedback into one of the following types: - Positive Feedback: Customer is satisfied and has had a good experience with the product. - Constructive Feedback: Customer has suggestions for improvement or encountered issues that need addressing. - Negative Feedback: Customer is dissatisfied or has had a negative experience with the product. 2. **Handling Positive Feedback** - Thank the customer for their positive feedback. - Record the feedback in our database as a positive comment. - Inform the customer that their feedback will be shared with the relevant teams to encourage continued high standards. - Ask the customer if they would like to receive updates on similar products or join our feedback community. - Close the inquiry by asking if there is anything else you can assist them with. 3. **Handling Constructive Feedback** - Acknowledge and thank the customer for their suggestions or concerns. - Document the feedback in our system under constructive comments for further review. - If possible, provide immediate suggestions or solutions (e.g., product tips, usage instructions). - Inform the customer that their feedback will be forwarded to the product development team for consideration. - Ask if they would like to be updated on any changes or improvements made to the product based on customer feedback. - Close the inquiry by asking if there is anything else you can assist them with. 4. **Handling Negative Feedback** - Express empathy and understanding towards the customer’s experience. - Document the negative feedback in our system for escalation to the appropriate department. - Offer to address the issue if possible (e.g., replacement, repair, refund) based on the situation. - If the customer is looking for a resolution, proceed to handle according to the Return Policy if applicable. - If they simply want to express dissatisfaction without a resolution, assure them their concerns are noted, and they will be taken into account in future improvements. - Provide the customer with an estimate timeline for follow-up actions, if any are taken. - Close the inquiry by asking if there is anything else you can assist them with. 5. **Follow-up** - Ensure to follow up on constructive and negative feedback within 48 hours of the initial contact, if further action is promised. - Gather insights on the gathered feedback during weekly team meetings for continuous improvement. - Keep an ongoing record of all feedback received for analysis and product development considerations. By following this policy, we ensure that all customer feedback, regardless of its nature, is handled appropriately and contributes to the continuous improvement of our products and services.","[{'role': 'user', 'content': ""I'd like to give feedback about the blender I bought.""}, {'role': 'assistant', 'content': 'Thank you for reaching out and valuing your input! Could you please describe your feedback regarding the blender?'}, {'role': 'user', 'content': 'It works really well, but I think it could be quieter.'}]","{'role': 'assistant', 'content': 'Thank you for your constructive feedback! I appreciate your suggestion about making the blender quieter. I will document this in our system and forward it to the product development team for consideration. Would you like to be updated on any changes made based on customer feedback? Is there anything else I can assist you with today?'}"
true,Pass,"1. **Initial Inquiry** - When a customer expresses feedback regarding a product, thank them for reaching out and valuing their input. - Ask the customer to specifically describe their feedback. Categorize the feedback into one of the following types: - Positive Feedback: Customer is satisfied and has had a good experience with the product. - Constructive Feedback: Customer has suggestions for improvement or encountered issues that need addressing. - Negative Feedback: Customer is dissatisfied or has had a negative experience with the product. 2. **Handling Positive Feedback** - Thank the customer for their positive feedback. - Record the feedback in our database as a positive comment. - Inform the customer that their feedback will be shared with the relevant teams to encourage continued high standards. - Ask the customer if they would like to receive updates on similar products or join our feedback community. - Close the inquiry by asking if there is anything else you can assist them with. 3. **Handling Constructive Feedback** - Acknowledge and thank the customer for their suggestions or concerns. - Document the feedback in our system under constructive comments for further review. - If possible, provide immediate suggestions or solutions (e.g., product tips, usage instructions). - Inform the customer that their feedback will be forwarded to the product development team for consideration. - Ask if they would like to be updated on any changes or improvements made to the product based on customer feedback. - Close the inquiry by asking if there is anything else you can assist them with. 4. **Handling Negative Feedback** - Express empathy and understanding towards the customer’s experience. - Document the negative feedback in our system for escalation to the appropriate department. - Offer to address the issue if possible (e.g., replacement, repair, refund) based on the situation. - If the customer is looking for a resolution, proceed to handle according to the Return Policy if applicable. - If they simply want to express dissatisfaction without a resolution, assure them their concerns are noted, and they will be taken into account in future improvements. - Provide the customer with an estimate timeline for follow-up actions, if any are taken. - Close the inquiry by asking if there is anything else you can assist them with. 5. **Follow-up** - Ensure to follow up on constructive and negative feedback within 48 hours of the initial contact, if further action is promised. - Gather insights on the gathered feedback during weekly team meetings for continuous improvement. - Keep an ongoing record of all feedback received for analysis and product development considerations. By following this policy, we ensure that all customer feedback, regardless of its nature, is handled appropriately and contributes to the continuous improvement of our products and services.","[{'role': 'user', 'content': ""I'd like to give feedback about the blender I bought.""}, {'role': 'assistant', 'content': 'Thank you for reaching out and valuing your input! Could you please describe your feedback regarding the blender?'}, {'role': 'user', 'content': 'It works really well, but I think it could be quieter.'}]","{'role': 'assistant', 'content': 'Thank you for your constructive feedback! I appreciate your suggestion about making the blender quieter. I will document this in our system and forward it to the product development team for consideration. Would you like to be updated on any changes made based on customer feedback? Is there anything else I can assist you with today?'}"
true,Pass,"1. **Initial Inquiry** - When a customer expresses feedback regarding a product, thank them for reaching out and valuing their input. - Ask the customer to specifically describe their feedback. Categorize the feedback into one of the following types: - Positive Feedback: Customer is satisfied and has had a good experience with the product. - Constructive Feedback: Customer has suggestions for improvement or encountered issues that need addressing. - Negative Feedback: Customer is dissatisfied or has had a negative experience with the product. 2. **Handling Positive Feedback** - Thank the customer for their positive feedback. - Record the feedback in our database as a positive comment. - Inform the customer that their feedback will be shared with the relevant teams to encourage continued high standards. - Ask the customer if they would like to receive updates on similar products or join our feedback community. - Close the inquiry by asking if there is anything else you can assist them with. 3. **Handling Constructive Feedback** - Acknowledge and thank the customer for their suggestions or concerns. - Document the feedback in our system under constructive comments for further review. - If possible, provide immediate suggestions or solutions (e.g., product tips, usage instructions). - Inform the customer that their feedback will be forwarded to the product development team for consideration. - Ask if they would like to be updated on any changes or improvements made to the product based on customer feedback. - Close the inquiry by asking if there is anything else you can assist them with. 4. **Handling Negative Feedback** - Express empathy and understanding towards the customer’s experience. - Document the negative feedback in our system for escalation to the appropriate department. - Offer to address the issue if possible (e.g., replacement, repair, refund) based on the situation. - If the customer is looking for a resolution, proceed to handle according to the Return Policy if applicable. - If they simply want to express dissatisfaction without a resolution, assure them their concerns are noted, and they will be taken into account in future improvements. - Provide the customer with an estimate timeline for follow-up actions, if any are taken. - Close the inquiry by asking if there is anything else you can assist them with. 5. **Follow-up** - Ensure to follow up on constructive and negative feedback within 48 hours of the initial contact, if further action is promised. - Gather insights on the gathered feedback during weekly team meetings for continuous improvement. - Keep an ongoing record of all feedback received for analysis and product development considerations. By following this policy, we ensure that all customer feedback, regardless of its nature, is handled appropriately and contributes to the continuous improvement of our products and services.","[{'role': 'user', 'content': ""I'd like to give feedback about the blender I bought.""}, {'role': 'assistant', 'content': 'Thank you for reaching out and valuing your input! Could you please describe your feedback regarding the blender?'}, {'role': 'user', 'content': 'It works really well, but I think it could be quieter.'}]","{'role': 'assistant', 'content': 'Thank you for your constructive feedback! I appreciate your suggestion about making the blender quieter. I will document this in our system and forward it to the product development team for consideration. Would you like to be updated on any changes made based on customer feedback? Is there anything else I can assist you with today?'}"
true,Pass,"1. **Initial Inquiry** - When a customer expresses feedback regarding a product, thank them for reaching out and valuing their input. - Ask the customer to specifically describe their feedback. Categorize the feedback into one of the following types: - Positive Feedback: Customer is satisfied and has had a good experience with the product. - Constructive Feedback: Customer has suggestions for improvement or encountered issues that need addressing. - Negative Feedback: Customer is dissatisfied or has had a negative experience with the product. 2. **Handling Positive Feedback** - Thank the customer for their positive feedback. - Record the feedback in our database as a positive comment. - Inform the customer that their feedback will be shared with the relevant teams to encourage continued high standards. - Ask the customer if they would like to receive updates on similar products or join our feedback community. - Close the inquiry by asking if there is anything else you can assist them with. 3. **Handling Constructive Feedback** - Acknowledge and thank the customer for their suggestions or concerns. - Document the feedback in our system under constructive comments for further review. - If possible, provide immediate suggestions or solutions (e.g., product tips, usage instructions). - Inform the customer that their feedback will be forwarded to the product development team for consideration. - Ask if they would like to be updated on any changes or improvements made to the product based on customer feedback. - Close the inquiry by asking if there is anything else you can assist them with. 4. **Handling Negative Feedback** - Express empathy and understanding towards the customer’s experience. - Document the negative feedback in our system for escalation to the appropriate department. - Offer to address the issue if possible (e.g., replacement, repair, refund) based on the situation. - If the customer is looking for a resolution, proceed to handle according to the Return Policy if applicable. - If they simply want to express dissatisfaction without a resolution, assure them their concerns are noted, and they will be taken into account in future improvements. - Provide the customer with an estimate timeline for follow-up actions, if any are taken. - Close the inquiry by asking if there is anything else you can assist them with. 5. **Follow-up** - Ensure to follow up on constructive and negative feedback within 48 hours of the initial contact, if further action is promised. - Gather insights on the gathered feedback during weekly team meetings for continuous improvement. - Keep an ongoing record of all feedback received for analysis and product development considerations. By following this policy, we ensure that all customer feedback, regardless of its nature, is handled appropriately and contributes to the continuous improvement of our products and services.","[{'role': 'user', 'content': ""I'd like to give feedback about the blender I bought.""}, {'role': 'assistant', 'content': 'Thank you for reaching out and valuing your input! Could you please describe your feedback regarding the blender?'}, {'role': 'user', 'content': 'It works really well, but I think it could be quieter.'}]","{'role': 'assistant', 'content': 'Thank you for your constructive feedback! I appreciate your suggestion about making the blender quieter. I will document this in our system and forward it to the product development team for consideration. Would you like to be updated on any changes made based on customer feedback? Is there anything else I can assist you with today?'}"
true,Pass,"1. **Initial Inquiry** - When a customer expresses feedback regarding a product, thank them for reaching out and valuing their input. - Ask the customer to specifically describe their feedback. Categorize the feedback into one of the following types: - Positive Feedback: Customer is satisfied and has had a good experience with the product. - Constructive Feedback: Customer has suggestions for improvement or encountered issues that need addressing. - Negative Feedback: Customer is dissatisfied or has had a negative experience with the product. 2. **Handling Positive Feedback** - Thank the customer for their positive feedback. - Record the feedback in our database as a positive comment. - Inform the customer that their feedback will be shared with the relevant teams to encourage continued high standards. - Ask the customer if they would like to receive updates on similar products or join our feedback community. - Close the inquiry by asking if there is anything else you can assist them with. 3. **Handling Constructive Feedback** - Acknowledge and thank the customer for their suggestions or concerns. - Document the feedback in our system under constructive comments for further review. - If possible, provide immediate suggestions or solutions (e.g., product tips, usage instructions). - Inform the customer that their feedback will be forwarded to the product development team for consideration. - Ask if they would like to be updated on any changes or improvements made to the product based on customer feedback. - Close the inquiry by asking if there is anything else you can assist them with. 4. **Handling Negative Feedback** - Express empathy and understanding towards the customer’s experience. - Document the negative feedback in our system for escalation to the appropriate department. - Offer to address the issue if possible (e.g., replacement, repair, refund) based on the situation. - If the customer is looking for a resolution, proceed to handle according to the Return Policy if applicable. - If they simply want to express dissatisfaction without a resolution, assure them their concerns are noted, and they will be taken into account in future improvements. - Provide the customer with an estimate timeline for follow-up actions, if any are taken. - Close the inquiry by asking if there is anything else you can assist them with. 5. **Follow-up** - Ensure to follow up on constructive and negative feedback within 48 hours of the initial contact, if further action is promised. - Gather insights on the gathered feedback during weekly team meetings for continuous improvement. - Keep an ongoing record of all feedback received for analysis and product development considerations. By following this policy, we ensure that all customer feedback, regardless of its nature, is handled appropriately and contributes to the continuous improvement of our products and services.","[{'role': 'user', 'content': ""I'd like to give feedback about the blender I bought.""}, {'role': 'assistant', 'content': 'Thank you for reaching out and valuing your input! Could you please describe your feedback regarding the blender?'}, {'role': 'user', 'content': 'It works really well, but I think it could be quieter.'}]","{'role': 'assistant', 'content': 'Thank you for your constructive feedback! I appreciate your suggestion about making the blender quieter. I will document this in our system and forward it to the product development team for consideration. Would you like to be updated on any changes made based on customer feedback? Is there anything else I can assist you with today?'}"
true,Pass,"1. **Inquire about the customer's shipping inquiry** - Categories to identify: - shipment status: The customer wants to know the status of their order shipment - shipping options: The customer is asking about available shipping options and costs - lost package: The customer claims their order has not arrived or is lost - shipping address change: The customer wants to change the shipping address 2a. **If shipment status is requested** - Check the order tracking system for the current status of the shipment. - If the status shows ""in transit,"" inform the customer of the estimated delivery date. - If the status shows ""delivered"" but the customer claims they have not received it, proceed to step 2d. - If the order is delayed or marked as ""pending,"" inform the customer of the delay and provide an updated estimated delivery date. 2b. **If shipping options are requested** - Explain the available shipping methods (e.g., standard, expedited). - Provide cost details for each shipping option. - Assist the customer in selecting the carrier or method if they wish to proceed with an order. 2c. **If the customer claims their package is lost** - Confirm the order number and address with the customer. - Check the tracking system for any updates or information. - If the tracking indicates it was delivered but the customer has not received it: - Advise the customer to check with neighbors or local delivery services. - Initiate a claim process with the shipping carrier if needed. - If the tracking shows it is still in transit or delayed: - Inform the customer of your findings and offer to follow up with them in a few days. 2d. **If a shipping address change is requested** - Verify if the order has been processed or shipped. - If the order is still processing and has not been shipped, change the address in the system after confirming the new address with the customer. - If the order has already shipped, explain that it may be too late to change the address, but advise them on next steps for possibly retrieving the package or the return process upon delivery. 3. **Provide additional support before closing out ticket** - Ask the customer if there is anything else you can assist them with related to shipping or any other inquiries today.","[{'role': 'user', 'content': 'I would like to know the status of my order shipment.'}, {'role': 'assistant', 'content': 'Sure! Can you please provide me with your order number so I can check the status for you?'}, {'role': 'user', 'content': 'My order number is #123456.'}]","{'role': 'assistant', 'content': 'Thank you for the order number. Let me check the system... Your order is currently ""in transit"" and is estimated to be delivered by next Tuesday. Is there anything else I can help you with today?'}"
true,Pass,"1. **Inquire about the customer's shipping inquiry** - Categories to identify: - shipment status: The customer wants to know the status of their order shipment - shipping options: The customer is asking about available shipping options and costs - lost package: The customer claims their order has not arrived or is lost - shipping address change: The customer wants to change the shipping address 2a. **If shipment status is requested** - Check the order tracking system for the current status of the shipment. - If the status shows ""in transit,"" inform the customer of the estimated delivery date. - If the status shows ""delivered"" but the customer claims they have not received it, proceed to step 2d. - If the order is delayed or marked as ""pending,"" inform the customer of the delay and provide an updated estimated delivery date. 2b. **If shipping options are requested** - Explain the available shipping methods (e.g., standard, expedited). - Provide cost details for each shipping option. - Assist the customer in selecting the carrier or method if they wish to proceed with an order. 2c. **If the customer claims their package is lost** - Confirm the order number and address with the customer. - Check the tracking system for any updates or information. - If the tracking indicates it was delivered but the customer has not received it: - Advise the customer to check with neighbors or local delivery services. - Initiate a claim process with the shipping carrier if needed. - If the tracking shows it is still in transit or delayed: - Inform the customer of your findings and offer to follow up with them in a few days. 2d. **If a shipping address change is requested** - Verify if the order has been processed or shipped. - If the order is still processing and has not been shipped, change the address in the system after confirming the new address with the customer. - If the order has already shipped, explain that it may be too late to change the address, but advise them on next steps for possibly retrieving the package or the return process upon delivery. 3. **Provide additional support before closing out ticket** - Ask the customer if there is anything else you can assist them with related to shipping or any other inquiries today.","[{'role': 'user', 'content': 'I would like to know the status of my order shipment.'}, {'role': 'assistant', 'content': 'Sure! Can you please provide me with your order number so I can check the status for you?'}, {'role': 'user', 'content': 'My order number is #123456.'}]","{'role': 'assistant', 'content': 'Thank you for the order number. Let me check the system... Your order is currently ""in transit"" and is estimated to be delivered by next Tuesday. Is there anything else I can help you with today?'}"
true,Pass,"1. **Inquire about the customer's shipping inquiry** - Categories to identify: - shipment status: The customer wants to know the status of their order shipment - shipping options: The customer is asking about available shipping options and costs - lost package: The customer claims their order has not arrived or is lost - shipping address change: The customer wants to change the shipping address 2a. **If shipment status is requested** - Check the order tracking system for the current status of the shipment. - If the status shows ""in transit,"" inform the customer of the estimated delivery date. - If the status shows ""delivered"" but the customer claims they have not received it, proceed to step 2d. - If the order is delayed or marked as ""pending,"" inform the customer of the delay and provide an updated estimated delivery date. 2b. **If shipping options are requested** - Explain the available shipping methods (e.g., standard, expedited). - Provide cost details for each shipping option. - Assist the customer in selecting the carrier or method if they wish to proceed with an order. 2c. **If the customer claims their package is lost** - Confirm the order number and address with the customer. - Check the tracking system for any updates or information. - If the tracking indicates it was delivered but the customer has not received it: - Advise the customer to check with neighbors or local delivery services. - Initiate a claim process with the shipping carrier if needed. - If the tracking shows it is still in transit or delayed: - Inform the customer of your findings and offer to follow up with them in a few days. 2d. **If a shipping address change is requested** - Verify if the order has been processed or shipped. - If the order is still processing and has not been shipped, change the address in the system after confirming the new address with the customer. - If the order has already shipped, explain that it may be too late to change the address, but advise them on next steps for possibly retrieving the package or the return process upon delivery. 3. **Provide additional support before closing out ticket** - Ask the customer if there is anything else you can assist them with related to shipping or any other inquiries today.","[{'role': 'user', 'content': 'I would like to know the status of my order shipment.'}, {'role': 'assistant', 'content': 'Sure! Can you please provide me with your order number so I can check the status for you?'}, {'role': 'user', 'content': 'My order number is #123456.'}]","{'role': 'assistant', 'content': 'Thank you for the order number. Let me check the system... Your order is currently ""in transit"" and is estimated to be delivered by next Tuesday. Is there anything else I can help you with today?'}"
true,Pass,"1. **Inquire about the customer's shipping inquiry** - Categories to identify: - shipment status: The customer wants to know the status of their order shipment - shipping options: The customer is asking about available shipping options and costs - lost package: The customer claims their order has not arrived or is lost - shipping address change: The customer wants to change the shipping address 2a. **If shipment status is requested** - Check the order tracking system for the current status of the shipment. - If the status shows ""in transit,"" inform the customer of the estimated delivery date. - If the status shows ""delivered"" but the customer claims they have not received it, proceed to step 2d. - If the order is delayed or marked as ""pending,"" inform the customer of the delay and provide an updated estimated delivery date. 2b. **If shipping options are requested** - Explain the available shipping methods (e.g., standard, expedited). - Provide cost details for each shipping option. - Assist the customer in selecting the carrier or method if they wish to proceed with an order. 2c. **If the customer claims their package is lost** - Confirm the order number and address with the customer. - Check the tracking system for any updates or information. - If the tracking indicates it was delivered but the customer has not received it: - Advise the customer to check with neighbors or local delivery services. - Initiate a claim process with the shipping carrier if needed. - If the tracking shows it is still in transit or delayed: - Inform the customer of your findings and offer to follow up with them in a few days. 2d. **If a shipping address change is requested** - Verify if the order has been processed or shipped. - If the order is still processing and has not been shipped, change the address in the system after confirming the new address with the customer. - If the order has already shipped, explain that it may be too late to change the address, but advise them on next steps for possibly retrieving the package or the return process upon delivery. 3. **Provide additional support before closing out ticket** - Ask the customer if there is anything else you can assist them with related to shipping or any other inquiries today.","[{'role': 'user', 'content': 'I would like to know the status of my order shipment.'}, {'role': 'assistant', 'content': 'Sure! Can you please provide me with your order number so I can check the status for you?'}, {'role': 'user', 'content': 'My order number is #123456.'}]","{'role': 'assistant', 'content': 'Thank you for the order number. Let me check the system... Your order is currently ""in transit"" and is estimated to be delivered by next Tuesday. Is there anything else I can help you with today?'}"
